<?xml version="1.0" encoding="UTF-8"?>
<project-private xmlns="http://www.netbeans.org/ns/project-private/1">
    <open-files xmlns="http://www.netbeans.org/ns/projectui-open-files/2">
        <group>
            <file>file:/home/s0217931/distri/CarRental-ejb/src/java/session/CarRentalSession.java</file>
            <file>file:/home/s0217931/distri/CarRental-ejb/src/java/session/ManagerSession.java</file>
            <file>file:/home/s0217931/distri/CarRental-ejb/src/java/rental/CarRentalCompany.java</file>
        </group>
    </open-files>
</project-private>
