<?xml version="1.0" encoding="UTF-8"?>
<project-private xmlns="http://www.netbeans.org/ns/project-private/1">
    <open-files xmlns="http://www.netbeans.org/ns/projectui-open-files/2">
        <group>
            <file>file:/home/s0217931/distri/CarRental-client/src/java/trips_1</file>
            <file>file:/home/s0217931/distri/CarRental-client/src/java/client/Main.java</file>
            <file>file:/home/s0217931/distri/CarRental-client/src/java/dockx.csv</file>
        </group>
    </open-files>
</project-private>
